[
  {
    "title": "Vans 男子短袖T恤 Work Weird 新款运动休闲 TEE 迷彩官方正品",
    "price": 208,
    "url": "/images/product-1.jpg",
    "address": "上海",
    "id": "1"
  },
  {
    "title": "女 韩版 长袖 卫衣 假两件",
    "price": 67,
    "url": "/images/product-2.jpg",
    "address": "北京",
    "id": "2"
  },
  {
    "title": "女 春秋 阔腿裤 九分裤 打底裤",
    "price": 399,
    "url": "/images/product-3.jpg",
    "address": "杭州",
    "id": "3"
  },
  {
    "title": "波司登 羽绒服 男女两穿 中长款",
    "price": 544,
    "url": "/images/product-4.jpg",
    "address": "南京",
    "id": "4"
  }
]